world	0
call	0.0014982233966019942
work	0.032143404477388615
small	0.0005115997023357188
put	0.05342467655441219
old	0.0001635567554261197
place	0.005060945980643661
come	0.003046020525765969
look	0.018560351612064374
leave	0.01161228783146162
little	0
long	0.18350341907227385
turn	0.014814478728326419
thing	0.0017213628015209093
large	0.0007740397694683265
help	0.05431340069513324
system	0.005308206173448737
find	0.019815571942655152
side	0.07964201338315557
mean	0.004142791666616352
